{
  "id": "VariableCollectionId:10:3",
  "name": "Kevin",
  "modes": { "10:1": "Mode 1", "15:0": "Mode 2" },
  "variableIds": ["VariableID:10:4"],
  "variables": [
    {
      "id": "VariableID:10:4",
      "name": "Primary accent",
      "description": "",
      "type": "COLOR",
      "valuesByMode": {
        "10:1": {
          "r": 0.239215686917305,
          "g": 0.8196078538894653,
          "b": 1,
          "a": 1
        },
        "15:0": {
          "r": 0.239215686917305,
          "g": 0.8196078538894653,
          "b": 1,
          "a": 1
        }
      },
      "resolvedValuesByMode": {
        "10:1": {
          "resolvedValue": {
            "r": 0.239215686917305,
            "g": 0.8196078538894653,
            "b": 1,
            "a": 1
          },
          "alias": null
        },
        "15:0": {
          "resolvedValue": {
            "r": 0.239215686917305,
            "g": 0.8196078538894653,
            "b": 1,
            "a": 1
          },
          "alias": null
        }
      },
      "scopes": ["ALL_SCOPES"],
      "hiddenFromPublishing": false,
      "codeSyntax": {}
    }
  ]
}
